ip;port;type;ssl;country;latency(msec);uptime(per cent);checked(UTC)
59.7.91.227;8080;Anonymous;false;"Korea (South)";19620;16;"Apr 7 05:01:17"
59.77.6.118;3128;Transparent;true;"China";1733;83;"Apr 7 05:01:19"
66.42.182.178;3128;Transparent;true;"United States";3761;85;"Apr 7 05:01:29"
218.202.67.194;1080;Socks5;true;"China";30;81;"Apr 7 05:02:11"
218.28.182.198;8080;Socks5;true;"China";30;27;"Apr 7 05:02:57"
66.63.165.11;3128;Transparent;true;"United States";11695;53;"Apr 7 05:03:03"
66.63.165.7;3128;Transparent;false;"United States";1687;59;"Apr 7 05:03:05"
66.63.165.8;3128;Transparent;true;"United States";1996;53;"Apr 7 05:03:07"
222.124.212.196;8080;Distorting;true;"Indonesia";8343;80;"Apr 7 05:03:24"
222.124.213.114;3128;Distorting;true;"Indonesia";3495;79;"Apr 7 05:03:27"
222.174.72.38;1080;Socks4;true;"China";30;56;"Apr 7 05:04:01"
222.96.39.216;808;Anonymous;false;"Korea (South)";26146;30;"Apr 7 05:04:10"
222.77.187.134;1080;Socks4;true;"China";30;51;"Apr 7 05:04:26"
58.56.108.35;1080;Socks4;true;"China";30;70;"Apr 7 05:04:42"
58.241.40.228;1080;Socks4;true;"China";30;56;"Apr 7 05:05:12"
67.228.42.208;80;Transparent;false;"United States";355;95;"Apr 7 05:09:44"
69.59.28.208;80;Transparent;false;"United States";1576;90;"Apr 7 05:11:29"
76.22.200.18;19671;Socks5;true;"United States";30;6;"Apr 7 05:19:57"
80.93.86.11;3128;Transparent;true;"France";429;93;"Apr 7 05:20:00"
82.131.192.212;8080;Distorting;true;"Hungary";14867;83;"Apr 7 05:20:15"
89.189.85.9;80;Distorting;true;"Yemen";990;58;"Apr 7 05:21:17"
91.121.88.205;3128;Transparent;true;"France";11508;80;"Apr 7 05:23:00"
95.170.221.9;8080;Transparent;true;"Iraq";1008;92;"Apr 7 05:24:02"
122.139.60.99;8080;Transparent;true;"China";2902;78;"Apr 7 05:25:15"
110.136.162.37;8080;Transparent;false;"Indonesia";3769;42;"Apr 7 05:25:36"
117.240.232.30;3128;Transparent;true;"India";9299;88;"Apr 7 05:25:52"
153.19.53.113;80;Anonymous;false;"European Union";6782;89;"Apr 7 05:25:52"
110.136.188.245;8080;Transparent;false;"Indonesia";31532;88;"Apr 7 05:26:08"
110.139.113.231;3128;Transparent;true;"Indonesia";26620;71;"Apr 7 05:27:28"
122.252.243.97;8080;Transparent;true;"India";2348;78;"Apr 7 05:27:30"
110.139.50.253;8080;Transparent;true;"Indonesia";25379;71;"Apr 7 05:27:56"
118.175.3.242;3128;Transparent;false;"Thailand";1221;84;"Apr 7 05:28:07"
123.127.163.27;8080;Transparent;true;"China";1933;77;"Apr 7 05:28:35"
112.215.23.83;8080;Transparent;true;"Indonesia";1129;93;"Apr 7 05:28:43"
118.97.40.98;8080;Transparent;true;"Indonesia";33134;54;"Apr 7 05:29:07"
173.16.36.74;8085;Anonymous;false;"United States";2988;70;"Apr 7 05:30:25"
173.30.66.35;8085;Anonymous;false;"United States";2081;88;"Apr 7 05:30:27"
173.45.230.249;8080;Distorting;false;"United States";473;93;"Apr 7 05:30:34"
78.83.168.228;1080;Socks4;true;"Bulgaria";30;64;"Apr 7 05:30:35"
174.48.109.250;8085;Anonymous;false;"United States";1921;58;"Apr 7 05:30:53"
187.4.128.10;3128;Distorting;true;"Brazil";1233;27;"Apr 7 05:31:10"
187.5.156.14;8080;Distorting;false;"Brazil";18888;47;"Apr 7 05:31:28"
187.5.156.8;8080;Distorting;false;"Brazil";23240;42;"Apr 7 05:31:52"
189.108.214.18;3128;Transparent;true;"Brazil";4899;82;"Apr 7 05:32:13"
119.235.51.94;3128;Transparent;true;"India";3924;38;"Apr 7 05:32:19"
189.108.26.133;80;Anonymous;false;"Brazil";6566;74;"Apr 7 05:32:20"
120.118.254.200;3128;Transparent;true;"Taiwan";918;97;"Apr 7 05:32:40"
189.112.39.153;3128;Anonymous;false;"Brazil";3860;42;"Apr 7 05:32:55"
189.113.97.5;8080;Transparent;true;"Brazil";970;87;"Apr 7 05:32:55"
193.198.184.5;80;Distorting;false;"Croatia (Hrvatska)";3755;53;"Apr 7 05:33:27"
124.81.210.178;8080;Transparent;true;"Indonesia";2107;84;"Apr 7 05:33:36"
193.252.45.218;3128;Transparent;true;"France";7594;60;"Apr 7 05:33:52"
189.30.9.19;3128;Transparent;true;"Brazil";8574;75;"Apr 7 05:33:57"
193.68.154.197;80;Transparent;true;"Bulgaria";4629;55;"Apr 7 05:34:03"
193.68.154.197;8080;Transparent;true;"Bulgaria";4965;48;"Apr 7 05:34:08"
125.163.209.4;8080;Transparent;true;"Indonesia";7840;87;"Apr 7 05:34:08"
121.14.158.75;80;Transparent;false;"China";2078;96;"Apr 7 05:34:15"
121.11.80.142;1080;Socks5;true;"China";30;27;"Apr 7 05:34:19"
194.167.84.67;80;Anonymous;false;"France";5621;61;"Apr 7 05:34:29"
190.81.54.2;3128;Transparent;false;"Peru";683;97;"Apr 7 05:34:47"
190.81.54.3;3128;Transparent;false;"Peru";694;97;"Apr 7 05:34:48"
190.94.40.147;8080;Transparent;false;"Dominican Republic";754;69;"Apr 7 05:34:49"
200.211.233.132;3128;Transparent;false;"Brazil";1737;96;"Apr 7 05:35:12"
200.48.16.69;3128;Anonymous;false;"Peru";1716;26;"Apr 7 05:36:14"
200.101.83.130;3128;Transparent;true;"Brazil";7509;85;"Apr 7 05:36:20"
200.143.2.95;3128;Transparent;true;"Brazil";10602;73;"Apr 7 05:36:34"
208.180.60.14;8080;Transparent;false;"United States";440;77;"Apr 7 05:37:08"
208.253.180.58;8080;Distorting;true;"United States";14544;63;"Apr 7 05:37:25"
211.22.11.42;444;Anonymous;false;"Taiwan";7893;5;"Apr 7 05:37:59"
200.189.220.32;80;Anonymous;false;"Brazil";17545;56;"Apr 7 05:38:04"
200.96.53.10;8080;Distorting;false;"Brazil";11837;49;"Apr 7 05:38:45"
212.156.82.42;80;Transparent;false;"Turkey";8112;99;"Apr 7 05:38:56"
212.156.82.42;8080;Transparent;true;"Turkey";671;98;"Apr 7 05:38:58"
212.165.156.54;80;Transparent;false;"Netherlands";2757;84;"Apr 7 05:39:03"
201.226.192.14;8080;Distorting;true;"Panama";4309;56;"Apr 7 05:39:20"
201.23.88.18;8080;Distorting;true;"Brazil";9130;79;"Apr 7 05:39:29"
201.248.51.116;80;Transparent;true;"Venezuela";6990;86;"Apr 7 05:39:54"
212.175.18.254;80;Transparent;true;"Turkey";18043;89;"Apr 7 05:39:56"
201.25.53.18;3128;Transparent;true;"Brazil";1711;80;"Apr 7 05:39:58"
218.201.21.158;80;Anonymous;false;"China";4305;98;"Apr 7 05:40:59"
212.184.79.66;3128;Transparent;true;"Germany";9180;85;"Apr 7 05:41:01"
218.201.21.175;80;Anonymous;false;"China";1409;98;"Apr 7 05:41:03"
218.201.21.176;80;Anonymous;false;"China";1412;98;"Apr 7 05:41:04"
201.85.51.82;3128;Transparent;true;"Brazil";13865;74;"Apr 7 05:41:05"
218.4.205.195;808;Anonymous;true;"China";1953;80;"Apr 7 05:41:08"
218.201.21.177;80;Anonymous;false;"China";1414;98;"Apr 7 05:41:08"
201.91.17.45;3128;Transparent;true;"Brazil";5781;90;"Apr 7 05:41:12"
218.201.21.178;80;Anonymous;false;"China";3771;98;"Apr 7 05:41:12"
202.143.140.250;8080;Transparent;true;"Thailand";2194;88;"Apr 7 05:41:18"
218.56.64.2;80;Transparent;true;"China";1182;97;"Apr 7 05:41:20"
202.143.148.61;8080;Transparent;true;"Thailand";1225;81;"Apr 7 05:41:22"
202.145.3.53;8080;Transparent;false;"Indonesia";1969;88;"Apr 7 05:41:25"
217.21.115.189;8080;Distorting;true;"Kenya";11723;84;"Apr 7 05:41:27"
202.155.152.197;8080;Transparent;true;"Indonesia";3342;70;"Apr 7 05:41:29"
212.85.154.247;80;Distorting;false;"France";15495;62;"Apr 7 05:41:40"
213.174.100.39;3128;Transparent;true;"France";13589;80;"Apr 7 05:41:55"
203.144.133.4;8080;Transparent;true;"Thailand";10830;27;"Apr 7 05:42:11"
203.189.89.153;8080;Transparent;true;"Indonesia";5377;91;"Apr 7 05:42:17"
218.76.207.31;808;Anonymous;true;"China";6605;88;"Apr 7 05:42:36"
218.90.171.249;8080;Transparent;true;"China";1697;90;"Apr 7 05:43:08"
219.139.158.59;8080;Transparent;true;"China";1596;98;"Apr 7 05:43:17"
206.225.17.135;80;Distorting;false;"United States";52504;10;"Apr 7 05:43:24"
216.203.45.199;80;Distorting;true;"United States";11835;74;"Apr 7 05:43:31"
216.218.211.56;80;Anonymous;false;"United States";494;96;"Apr 7 05:43:32"
216.218.211.57;80;Anonymous;false;"United States";342;96;"Apr 7 05:43:32"
207.44.255.167;80;Anonymous;false;"United States";20992;44;"Apr 7 05:43:51"
219.134.241.50;3128;Transparent;true;"China";2138;91;"Apr 7 05:44:17"
219.238.191.95;80;Distorting;true;"China";40444;94;"Apr 7 05:45:01"
219.238.191.96;80;Distorting;true;"China";13305;95;"Apr 7 05:45:14"
71.59.62.64;8085;Anonymous;false;"United States";977;23;"Apr 7 05:45:50"
71.86.147.34;443;Anonymous;false;"United States";2753;96;"Apr 7 05:45:55"
60.251.189.134;3128;Transparent;true;"Taiwan";1077;78;"Apr 7 05:46:10"
220.199.6.54;8088;Anonymous;true;"China";2125;81;"Apr 7 05:47:01"
61.19.248.71;3128;Transparent;true;"Thailand";1025;90;"Apr 7 05:47:51"
61.244.235.34;3128;Distorting;true;"Hong Kong";1786;92;"Apr 7 05:47:55"
221.2.144.135;1080;Socks4;true;"China";30;83;"Apr 7 05:48:17"
221.2.86.54;1080;Socks4;true;"China";30;58;"Apr 7 05:48:19"
222.122.197.23;3128;Anonymous;false;"Korea (South)";13589;51;"Apr 7 05:48:33"
59.108.53.254;1080;Socks4;true;"China";30;65;"Apr 7 05:48:48"
59.174.24.45;1080;Socks4;true;"China";30;97;"Apr 7 05:48:51"
222.168.10.166;8080;Transparent;true;"China";5267;85;"Apr 7 05:48:53"
74.115.6.56;80;Anonymous;false;"United States";340;92;"Apr 7 05:48:59"
64.5.128.103;8080;Distorting;false;"United States";21254;21;"Apr 7 05:49:04"
74.208.106.191;3128;Distorting;true;"United States";1020;75;"Apr 7 05:49:25"
219.132.152.50;1080;Socks4;true;"China";30;55;"Apr 7 05:49:49"
219.140.83.56;1080;Socks4;true;"China";30;95;"Apr 7 05:50:03"
220.178.41.50;1080;Socks4;true;"China";30;65;"Apr 7 05:50:15"
74.223.103.178;8000;Distorting;false;"United States";2466;0;"Apr 7 05:50:23"
41.207.117.53;80;Transparent;true;"Kenya";7352;93;"Apr 7 05:50:27"
222.178.58.112;1080;Socks5;true;"China";30;30;"Apr 7 05:50:49"
70.142.57.33;3128;Transparent;true;"United States";15904;76;"Apr 7 05:50:56"
222.223.70.25;1080;Socks4;true;"China";30;50;"Apr 7 05:50:59"
66.206.0.48;8888;Anonymous;false;"United States";1222;51;"Apr 7 05:51:02"
41.234.204.56;8080;Transparent;true;"Egypt";2656;83;"Apr 7 05:51:16"
24.19.15.150;29505;Socks5;true;"United States";30;20;"Apr 7 05:51:28"
67.19.176.58;8088;Socks5;true;"United States";30;16;"Apr 7 05:51:50"
75.127.182.134;80;Transparent;true;"United States";4287;78;"Apr 7 05:55:18"
80.74.114.58;80;Transparent;true;"Israel";686;97;"Apr 7 05:56:18"
80.81.254.35;3128;Transparent;true;"Germany";533;93;"Apr 7 05:57:11"
85.122.26.75;3128;Transparent;true;"Romania";584;91;"Apr 7 05:57:58"
83.234.14.150;3128;Anonymous;false;"Russian Federation";3499;28;"Apr 7 05:58:10"
93.88.15.96;3128;Anonymous;true;"Russian Federation";4190;23;"Apr 7 05:58:14"
83.234.96.194;3128;Anonymous;false;"Russian Federation";11491;43;"Apr 7 05:58:22"
85.25.139.53;3128;Transparent;true;"Germany";3470;85;"Apr 7 05:58:28"
87.118.127.156;3128;Anonymous;false;"Germany";2727;66;"Apr 7 05:58:42"
81.89.97.165;3128;Transparent;true;"Germany";15331;89;"Apr 7 05:58:59"
94.158.188.30;3128;Anonymous;true;"Russian Federation";888;33;"Apr 7 05:59:03"
82.158.210.242;8085;Anonymous;false;"Spain";4301;60;"Apr 7 05:59:04"
94.75.215.66;3128;Anonymous;true;"Netherlands";8232;70;"Apr 7 05:59:18"
84.245.236.22;80;Anonymous;false;"Latvia";8689;66;"Apr 7 06:01:35"
85.114.31.238;8080;Transparent;false;"Russian Federation";538;95;"Apr 7 06:01:40"
97.65.164.212;8080;Distorting;true;"United States";9820;63;"Apr 7 06:02:02"
89.106.26.26;3128;Transparent;true;"Turkey";602;98;"Apr 7 06:02:39"
89.189.85.56;80;Distorting;false;"Yemen";9415;62;"Apr 7 06:02:49"
93.186.167.12;3128;Transparent;true;"Germany";458;94;"Apr 7 06:03:42"
93.186.192.85;3128;Transparent;true;"Germany";1167;93;"Apr 7 06:03:43"
110.137.77.38;80;Transparent;true;"Indonesia";8380;80;"Apr 7 06:05:13"
125.162.232.84;8080;Transparent;false;"Indonesia";8528;59;"Apr 7 06:05:20"
125.162.39.68;8080;Transparent;false;"Indonesia";3323;15;"Apr 7 06:05:23"
110.137.89.128;8080;Transparent;true;"Indonesia";8711;75;"Apr 7 06:05:23"
110.138.207.138;3128;Transparent;true;"Indonesia";10938;95;"Apr 7 06:05:37"
121.242.41.67;3128;Transparent;true;"India";1230;98;"Apr 7 06:05:41"
174.142.124.113;3128;Transparent;true;"Canada";498;82;"Apr 7 06:06:10"
121.8.142.60;8080;Transparent;true;"China";12225;94;"Apr 7 06:06:11"
125.21.227.206;80;Transparent;false;"India";959;87;"Apr 7 06:06:21"
147.156.98.148;80;Distorting;false;"European Union";37459;66;"Apr 7 06:06:22"
111.93.129.218;8080;Transparent;true;"India";5577;50;"Apr 7 06:06:30"
151.97.110.121;3128;Transparent;true;"European Union";543;49;"Apr 7 06:06:31"
155.230.105.156;80;Transparent;true;"Korea (South)";14687;78;"Apr 7 06:06:49"
125.40.47.112;3128;Transparent;true;"China";7857;73;"Apr 7 06:07:06"
174.49.105.206;8085;Anonymous;false;"United States";1578;39;"Apr 7 06:07:12"
157.88.21.21;80;Anonymous;false;"European Union";14250;44;"Apr 7 06:07:20"
187.5.156.251;8080;Distorting;false;"Brazil";32054;53;"Apr 7 06:08:02"
189.1.164.3;80;Transparent;true;"Brazil";852;77;"Apr 7 06:08:19"
189.108.26.132;443;Distorting;false;"Brazil";15358;79;"Apr 7 06:08:52"
189.108.26.132;80;Distorting;false;"Brazil";15114;84;"Apr 7 06:09:07"
189.113.102.190;8080;Transparent;true;"Brazil";1736;86;"Apr 7 06:09:10"
189.115.182.248;8081;Distorting;false;"Brazil";10226;39;"Apr 7 06:09:24"
189.16.113.147;3128;Transparent;true;"Brazil";3043;95;"Apr 7 06:09:32"
193.136.64.246;3128;Distorting;true;"Portugal";729;39;"Apr 7 06:11:03"
190.220.135.217;8080;Distorting;true;"Argentina";1855;83;"Apr 7 06:11:20"
117.240.172.2;8080;Transparent;true;"India";1568;58;"Apr 7 06:11:43"
200.21.232.130;8080;Transparent;true;"Colombia";3669;58;"Apr 7 06:12:10"
118.175.14.108;3128;Transparent;false;"Thailand";1222;87;"Apr 7 06:12:13"
200.217.167.162;3128;Transparent;false;"Brazil";13634;83;"Apr 7 06:12:23"
200.30.101.114;8080;Transparent;true;"Colombia";657;63;"Apr 7 06:12:30"
118.97.148.195;3128;Transparent;true;"Indonesia";11290;86;"Apr 7 06:12:56"
118.97.29.14;80;Transparent;true;"Indonesia";7335;93;"Apr 7 06:13:04"
124.124.93.186;8080;Distorting;true;"India";16335;84;"Apr 7 06:13:05"
118.98.161.122;3128;Transparent;true;"Indonesia";2166;40;"Apr 7 06:13:08"
118.98.161.26;3128;Transparent;true;"Indonesia";22541;60;"Apr 7 06:13:31"
201.15.105.230;80;Transparent;true;"Brazil";1801;62;"Apr 7 06:14:08"
200.51.203.200;80;Distorting;false;"Argentina";31030;69;"Apr 7 06:14:17"
200.89.135.157;8080;Transparent;true;"Argentina";3597;63;"Apr 7 06:14:32"
201.18.15.11;8080;Distorting;true;"Brazil";922;83;"Apr 7 06:15:20"
200.93.238.170;8080;Transparent;false;"Ecuador";1424;98;"Apr 7 06:15:24"
200.96.175.41;8082;Transparent;false;"Brazil";1504;98;"Apr 7 06:15:26"
200.155.37.241;3128;Transparent;true;"Brazil";6893;94;"Apr 7 06:15:28"
201.6.119.118;3128;Transparent;true;"Brazil";11341;27;"Apr 7 06:15:32"
200.96.53.5;8080;Distorting;false;"Brazil";8410;57;"Apr 7 06:15:35"
201.218.109.171;3128;Transparent;true;"Panama";12590;96;"Apr 7 06:15:36"
201.218.246.23;3128;Anonymous;false;"Panama";12341;34;"Apr 7 06:16:07"
201.36.203.132;8080;Transparent;true;"Brazil";1357;75;"Apr 7 06:16:10"
201.218.44.174;3128;Transparent;true;"Ecuador";1056;97;"Apr 7 06:16:13"
201.218.44.174;80;Transparent;true;"Ecuador";787;97;"Apr 7 06:16:14"
200.207.126.232;3128;Transparent;true;"Brazil";9585;85;"Apr 7 06:16:15"
210.212.209.82;3128;Transparent;true;"India";8845;30;"Apr 7 06:16:32"
201.116.23.36;80;Anonymous;false;"Mexico";3297;83;"Apr 7 06:16:39"
210.57.209.130;80;Transparent;true;"Indonesia";1572;89;"Apr 7 06:16:41"
201.248.88.90;3128;Transparent;true;"Venezuela";19430;81;"Apr 7 06:16:58"
202.131.98.165;80;Distorting;false;"India";25393;79;"Apr 7 06:17:31"
211.160.163.40;80;Anonymous;false;"China";10524;50;"Apr 7 06:18:46"
202.148.13.50;3128;Transparent;true;"Indonesia";3401;39;"Apr 7 06:18:51"
216.30.167.133;8080;Distorting;true;"United States";5172;50;"Apr 7 06:19:03"
202.169.244.193;8080;Transparent;true;"Indonesia";6089;75;"Apr 7 06:19:14"
211.20.175.147;3128;Anonymous;true;"Taiwan";15266;31;"Apr 7 06:19:15"
202.43.170.34;8888;Transparent;true;"Indonesia";6725;75;"Apr 7 06:19:21"
203.142.70.148;8080;Transparent;true;"Indonesia";4229;75;"Apr 7 06:19:33"
218.56.21.226;1080;Socks4;true;"China";30;59;"Apr 7 06:19:36"
221.130.13.225;80;Anonymous;false;"China";4014;97;"Apr 7 06:19:41"
221.130.13.228;80;Anonymous;false;"China";3913;99;"Apr 7 06:19:45"
221.130.13.232;80;Anonymous;false;"China";1351;98;"Apr 7 06:19:46"
221.130.13.233;80;Anonymous;false;"China";1380;98;"Apr 7 06:19:48"
221.130.13.37;80;Anonymous;false;"China";4030;98;"Apr 7 06:19:52"
221.130.13.38;80;Anonymous;false;"China";4002;99;"Apr 7 06:19:56"
221.130.13.39;80;Anonymous;false;"China";1328;98;"Apr 7 06:19:57"
221.130.13.41;80;Anonymous;false;"China";1336;98;"Apr 7 06:20:00"
221.130.13.42;80;Anonymous;false;"China";2479;97;"Apr 7 06:20:04"
221.238.17.245;8080;Distorting;true;"China";1281;95;"Apr 7 06:20:06"
221.130.162.243;80;Anonymous;false;"China";4098;99;"Apr 7 06:20:09"
221.130.162.244;80;Anonymous;false;"China";3881;99;"Apr 7 06:20:13"
221.130.162.245;80;Anonymous;false;"China";1145;99;"Apr 7 06:20:14"
221.130.162.247;80;Anonymous;false;"China";1155;99;"Apr 7 06:20:17"
206.225.132.55;80;Distorting;true;"United States";4195;75;"Apr 7 06:20:18"
221.130.162.248;80;Anonymous;false;"China";2170;98;"Apr 7 06:20:19"
221.130.162.249;80;Anonymous;false;"China";1169;99;"Apr 7 06:20:20"
221.3.65.157;808;Anonymous;false;"China";2921;63;"Apr 7 06:20:24"
221.130.7.226;80;Anonymous;false;"China";1349;99;"Apr 7 06:20:25"
221.130.7.227;80;Anonymous;false;"China";1306;97;"Apr 7 06:20:27"
221.130.7.228;80;Anonymous;false;"China";1419;98;"Apr 7 06:20:29"
221.6.62.90;8080;Transparent;false;"China";29170;79;"Apr 7 06:21:06"
221.7.145.42;8080;Transparent;true;"China";5261;94;"Apr 7 06:21:11"
222.124.130.170;3128;Transparent;true;"Indonesia";2168;96;"Apr 7 06:21:25"
222.124.132.146;8080;Transparent;true;"Indonesia";3039;96;"Apr 7 06:21:28"
219.93.178.162;3128;Transparent;true;"Malaysia";925;98;"Apr 7 06:21:36"
222.124.138.250;8080;Transparent;false;"Indonesia";5193;42;"Apr 7 06:22:19"
222.124.178.98;3128;Transparent;true;"Indonesia";2185;96;"Apr 7 06:22:23"
213.217.58.18;1080;Socks5;true;"Iran";30;100;"Apr 7 06:22:25"
221.212.177.97;1080;Anonymous;false;"China";2486;75;"Apr 7 06:22:34"
221.214.208.17;3128;Transparent;true;"China";1282;98;"Apr 7 06:22:36"
222.124.192.155;8080;Transparent;true;"Indonesia";15552;76;"Apr 7 06:22:42"
222.124.192.156;8080;Transparent;true;"Indonesia";4474;74;"Apr 7 06:22:47"
222.124.199.203;8080;Transparent;true;"Indonesia";2062;93;"Apr 7 06:22:49"
222.124.251.151;8080;Transparent;true;"Indonesia";7923;90;"Apr 7 06:23:28"
217.196.164.34;3128;Distorting;true;"Ukraine";5672;82;"Apr 7 06:23:43"
222.178.58.112;808;Anonymous;true;"China";5065;65;"Apr 7 06:23:46"
222.127.148.210;3128;Transparent;true;"Philippines";18139;86;"Apr 7 06:23:49"
209.105.149.143;8085;Anonymous;false;"United States";1409;50;"Apr 7 06:24:04"
222.52.99.131;8081;Anonymous;false;"China";11941;58;"Apr 7 06:24:53"
222.92.117.241;80;Transparent;false;"China";1755;84;"Apr 7 06:24:56"
217.86.161.182;8080;Transparent;false;"Germany";27403;87;"Apr 7 06:25:01"
220.224.232.101;8080;Distorting;true;"India";2569;19;"Apr 7 06:25:10"
220.225.219.165;8080;Transparent;true;"India";931;73;"Apr 7 06:25:37"
24.17.146.119;11147;Socks5;true;"United States";30;66;"Apr 7 06:25:39"
218.248.21.194;80;Anonymous;true;"India";15396;48;"Apr 7 06:25:40"
222.161.3.133;8080;Transparent;true;"China";1463;97;"Apr 7 06:25:43"
222.161.3.146;8080;Transparent;true;"China";6948;96;"Apr 7 06:25:50"
222.165.130.82;3128;Transparent;true;"Sri Lanka";963;79;"Apr 7 06:25:51"
222.165.130.82;80;Transparent;true;"Sri Lanka";850;79;"Apr 7 06:25:52"
222.165.193.178;80;Transparent;true;"Indonesia";945;88;"Apr 7 06:25:54"
58.214.5.162;1080;Socks4;true;"China";30;55;"Apr 7 06:26:19"
222.76.210.8;8080;Distorting;true;"China";1350;88;"Apr 7 06:26:22"
222.77.187.134;8080;Anonymous;false;"China";2511;90;"Apr 7 06:26:27"
61.10.17.23;1080;Socks4;true;"Hong Kong";30;50;"Apr 7 06:26:35"
66.177.150.238;12777;Socks4;true;"United States";30;66;"Apr 7 06:26:49"
222.89.92.106;3128;Anonymous;true;"China";3024;88;"Apr 7 06:26:49"
41.202.0.131;80;Transparent;false;"Ghana";36383;74;"Apr 7 06:27:35"
219.150.168.70;3128;Anonymous;true;"China";1106;73;"Apr 7 06:27:37"
61.183.55.40;8080;Socks4;true;"China";30;57;"Apr 7 06:27:48"
41.221.142.131;3128;Transparent;true;"Egypt";2066;75;"Apr 7 06:27:52"
41.222.160.36;3128;Transparent;true;"Kenya";1875;98;"Apr 7 06:27:55"
41.222.160.38;3128;Transparent;true;"Kenya";1073;99;"Apr 7 06:27:56"
41.222.160.39;3128;Transparent;true;"Kenya";1106;88;"Apr 7 06:27:57"
41.222.160.40;3128;Transparent;true;"Kenya";1078;94;"Apr 7 06:27:58"
24.121.112.94;8085;Anonymous;false;"United States";1012;30;"Apr 7 06:28:02"
24.127.176.88;8085;Anonymous;false;"United States";939;30;"Apr 7 06:28:48"
41.234.202.28;8080;Transparent;false;"Egypt";869;41;"Apr 7 06:28:52"
60.10.134.103;1080;Socks4;true;"China";30;78;"Apr 7 06:29:05"
60.10.164.83;1080;Socks4;true;"China";30;27;"Apr 7 06:29:09"
41.234.207.202;8080;Transparent;false;"Egypt";15431;83;"Apr 7 06:29:24"
66.56.17.6;29505;Socks4;true;"United States";30;49;"Apr 7 06:30:16"
58.68.56.11;3128;Transparent;true;"India";1425;48;"Apr 7 06:30:50"
74.66.234.228;8085;Anonymous;false;"United States";1002;41;"Apr 7 06:31:05"
59.90.167.10;3128;Transparent;true;"India";8237;37;"Apr 7 06:31:21"
24.19.15.215;8085;Anonymous;false;"United States";1216;36;"Apr 7 06:31:32"
24.45.177.140;8085;Anonymous;false;"United States";1049;40;"Apr 7 06:32:38"
61.10.44.234;8088;Anonymous;false;"Hong Kong";1903;49;"Apr 7 06:32:40"
24.61.35.204;8085;Anonymous;false;"United States";929;24;"Apr 7 06:32:54"
70.173.104.172;8085;Anonymous;false;"United States";2010;43;"Apr 7 06:34:55"
64.5.128.103;80;Distorting;false;"United States";7381;30;"Apr 7 06:36:54"
71.82.63.157;8085;Anonymous;false;"United States";1184;44;"Apr 7 06:37:00"
76.114.110.209;8085;Anonymous;false;"United States";1006;35;"Apr 7 06:37:02"
76.19.180.167;80;Anonymous;false;"United States";2834;37;"Apr 7 06:37:05"
80.167.238.78;8118;Anonymous;true;"Denmark";521;44;"Apr 7 06:39:07"
80.193.72.145;80;Anonymous;false;"Great Britain (UK)";21;99;"Apr 7 06:39:08"
82.76.59.131;3128;Transparent;true;"Romania";754;86;"Apr 7 06:40:07"
80.32.61.193;8080;Anonymous;false;"Spain";674;67;"Apr 7 06:40:08"
80.74.110.149;80;Distorting;false;"Israel";17819;86;"Apr 7 06:40:30"
80.81.159.20;8080;Transparent;true;"Lebanon";2946;87;"Apr 7 06:40:34"
78.38.247.130;80;Transparent;false;"Iran";1456;92;"Apr 7 06:41:05"
94.136.55.208;3128;Anonymous;true;"Great Britain (UK)";11382;62;"Apr 7 06:42:15"
94.23.153.218;3128;Transparent;true;"France";535;66;"Apr 7 06:42:16"
94.23.65.104;3128;Transparent;true;"France";383;66;"Apr 7 06:42:17"
92.52.125.20;80;Transparent;true;"Great Britain (UK)";379;99;"Apr 7 06:42:18"
82.206.136.101;8080;Transparent;true;"Great Britain (UK)";3004;79;"Apr 7 06:42:29"
95.130.11.113;3128;Transparent;true;"France";10913;90;"Apr 7 06:42:53"
95.170.221.7;80;Transparent;true;"Iraq";918;98;"Apr 7 06:43:12"
89.189.85.117;80;Distorting;true;"Yemen";13647;54;"Apr 7 06:43:25"
89.189.85.124;80;Distorting;false;"Yemen";11559;48;"Apr 7 06:44:07"
89.189.85.168;80;Distorting;true;"Yemen";10148;68;"Apr 7 06:44:17"
89.189.85.176;80;Distorting;true;"Yemen";3973;58;"Apr 7 06:44:21"
97.65.164.213;8080;Distorting;true;"United States";7866;61;"Apr 7 06:44:57"
89.189.85.254;80;Distorting;true;"Yemen";3970;65;"Apr 7 06:45:28"
98.220.19.249;8085;Anonymous;false;"United States";1004;72;"Apr 7 06:46:09"
89.189.85.99;80;Distorting;true;"Yemen";23251;56;"Apr 7 06:46:22"
98.239.60.225;8085;Anonymous;false;"United States";1005;50;"Apr 7 06:46:56"
82.145.240.37;1080;Socks4;true;"Turkey";30;72;"Apr 7 06:52:46"
110.137.135.176;8080;Transparent;false;"Indonesia";5491;87;"Apr 7 06:53:09"
118.98.214.58;3128;Transparent;true;"Indonesia";26712;81;"Apr 7 06:53:50"
119.82.227.1;8080;Transparent;false;"Indonesia";7823;93;"Apr 7 06:54:02"
125.163.239.13;8888;Transparent;true;"Indonesia";23450;77;"Apr 7 06:55:11"
173.20.88.100;8085;Anonymous;false;"United States";1420;33;"Apr 7 06:55:12"
125.167.217.194;3128;Transparent;false;"Indonesia";1778;39;"Apr 7 06:55:30"
121.14.158.76;80;Transparent;false;"China";2080;97;"Apr 7 06:55:58"
118.96.149.127;8080;Transparent;false;"Indonesia";5315;86;"Apr 7 06:56:24"
174.129.28.18;88;Anonymous;true;"United States";1310;80;"Apr 7 06:56:29"
118.96.224.42;3128;Transparent;true;"Indonesia";8392;90;"Apr 7 06:56:33"
121.241.49.56;8080;Transparent;true;"India";1391;95;"Apr 7 06:57:00"
174.48.217.219;8085;Anonymous;false;"United States";1090;50;"Apr 7 06:57:01"
195.116.53.12;3128;Anonymous;false;"Poland";623;98;"Apr 7 06:58:01"
196.200.80.4;8080;Distorting;true;"Mali";9389;70;"Apr 7 06:58:27"
187.5.156.4;8080;Distorting;false;"Brazil";12292;38;"Apr 7 06:58:31"
196.205.248.237;3128;Transparent;true;"Egypt";1179;89;"Apr 7 06:58:34"
187.5.156.9;8080;Distorting;false;"Brazil";16782;42;"Apr 7 06:58:50"
195.242.99.91;80;Transparent;false;"Netherlands";380;95;"Apr 7 06:58:58"
187.5.91.82;8080;Transparent;true;"Brazil";9588;95;"Apr 7 06:58:59"
196.38.158.196;80;Distorting;true;"South Africa";29944;88;"Apr 7 06:59:04"
202.143.146.205;8080;Transparent;true;"Thailand";1164;62;"Apr 7 06:59:06"
202.143.148.61;80;Transparent;true;"Thailand";1255;86;"Apr 7 06:59:07"
187.52.200.66;8080;Distorting;false;"Brazil";21395;49;"Apr 7 06:59:21"
202.153.41.135;8080;Transparent;true;"India";1080;91;"Apr 7 06:59:32"
188.132.163.10;8080;Transparent;true;"Turkey";647;82;"Apr 7 06:59:38"
189.113.96.5;8080;Transparent;true;"Brazil";3931;90;"Apr 7 06:59:57"
189.113.97.249;8080;Transparent;true;"Brazil";698;87;"Apr 7 06:59:58"
189.123.83.75;8080;Transparent;true;"Brazil";4937;84;"Apr 7 07:00:03"
201.93.162.220;3128;Transparent;false;"Brazil";15340;66;"Apr 7 07:00:42"
202.171.42.7;3128;Distorting;false;"Malaysia";21746;77;"Apr 7 07:00:49"
189.30.9.98;8080;Transparent;true;"Brazil";2146;97;"Apr 7 07:00:51"
189.45.111.146;8080;Distorting;true;"Brazil";2850;79;"Apr 7 07:00:53"
200.207.9.168;3128;Transparent;false;"Brazil";3706;96;"Apr 7 07:01:09"
190.144.127.202;3128;Transparent;true;"Colombia";621;84;"Apr 7 07:01:10"
200.222.84.203;3128;Transparent;true;"Brazil";3002;94;"Apr 7 07:01:12"
193.136.113.38;443;Distorting;true;"Portugal";2646;84;"Apr 7 07:01:29"
200.35.94.50;8080;Transparent;true;"Venezuela";2631;96;"Apr 7 07:02:00"
193.68.154.194;8080;Transparent;true;"Bulgaria";2556;74;"Apr 7 07:02:33"
200.96.53.13;8080;Distorting;false;"Brazil";20041;56;"Apr 7 07:02:39"
201.22.184.45;3128;Transparent;true;"Brazil";3876;98;"Apr 7 07:02:45"
203.142.70.150;8080;Transparent;true;"Indonesia";7354;98;"Apr 7 07:03:05"
201.245.64.98;3128;Transparent;false;"Colombia";2203;95;"Apr 7 07:04:20"
203.171.227.226;3128;Transparent;true;"China";1029;98;"Apr 7 07:04:31"
202.123.231.125;3128;Transparent;true;"Indonesia";6008;77;"Apr 7 07:04:34"
203.199.50.19;8080;Distorting;true;"India";7628;80;"Apr 7 07:04:55"
205.188.100.73;80;Distorting;false;"United States";667;99;"Apr 7 07:04:58"
205.188.101.73;80;Distorting;false;"United States";349;97;"Apr 7 07:04:58"
201.39.92.130;8080;Distorting;true;"Brazil";7101;78;"Apr 7 07:05:17"
203.172.171.35;88;Transparent;true;"Thailand";3814;87;"Apr 7 07:05:21"
202.143.129.201;8080;Transparent;true;"Thailand";4181;82;"Apr 7 07:06:14"
218.201.238.144;3129;Transparent;false;"China";7106;81;"Apr 7 07:07:04"
218.248.19.85;3128;Transparent;true;"India";1479;36;"Apr 7 07:07:07"
203.81.31.164;3128;Anonymous;true;"China";2160;34;"Apr 7 07:07:25"
203.86.186.73;80;Distorting;true;"Hong Kong";32170;65;"Apr 7 07:07:59"
24.179.72.212;8085;Anonymous;false;"United States";1944;40;"Apr 7 07:09:07"
24.185.55.86;8085;Anonymous;false;"United States";901;33;"Apr 7 07:09:10"
204.42.255.185;8090;Anonymous;false;"United States";3453;33;"Apr 7 07:09:12"
210.212.194.60;3128;Transparent;true;"India";4781;30;"Apr 7 07:09:22"
58.68.56.23;3128;Transparent;true;"India";1149;83;"Apr 7 07:09:23"
58.69.136.192;3128;Transparent;true;"Philippines";5513;23;"Apr 7 07:09:32"
219.139.241.134;80;Anonymous;true;"China";14374;71;"Apr 7 07:09:40"
211.72.110.188;3128;Transparent;true;"Taiwan";5653;87;"Apr 7 07:09:45"
59.108.44.41;3128;Transparent;true;"China";1306;96;"Apr 7 07:09:45"
220.194.55.244;3128;Transparent;true;"China";7471;96;"Apr 7 07:09:48"
59.120.143.223;3128;Transparent;true;"Taiwan";7455;89;"Apr 7 07:09:52"
59.120.244.23;3128;Transparent;true;"Taiwan";7486;85;"Apr 7 07:10:03"
59.124.156.190;3128;Transparent;true;"Taiwan";2120;86;"Apr 7 07:10:05"
220.247.164.153;8080;Transparent;true;"Bangladesh";5022;92;"Apr 7 07:10:29"
58.68.82.165;1080;Socks4;true;"India";30;64;"Apr 7 07:10:58"
221.0.181.203;3128;Transparent;true;"China";1204;92;"Apr 7 07:11:02"
221.122.66.85;8080;Distorting;false;"China";10279;33;"Apr 7 07:11:13"
221.224.206.86;8080;Distorting;false;"China";34652;81;"Apr 7 07:11:48"
41.207.117.85;80;Transparent;true;"Kenya";7679;75;"Apr 7 07:12:25"
58.240.237.32;80;Transparent;false;"China";3707;96;"Apr 7 07:12:49"
41.215.59.182;8080;Distorting;true;"Kenya";23266;83;"Apr 7 07:12:55"
41.234.202.185;8080;Transparent;true;"Egypt";2716;85;"Apr 7 07:13:00"
58.56.108.114;80;Transparent;false;"China";1567;98;"Apr 7 07:13:18"
61.17.209.26;3128;Transparent;true;"India";1389;51;"Apr 7 07:14:27"
68.61.245.253;8085;Anonymous;false;"United States";931;62;"Apr 7 07:15:03"
68.62.158.230;8085;Anonymous;false;"United States";916;50;"Apr 7 07:15:04"
61.79.87.93;3128;Transparent;true;"Korea (South)";1116;84;"Apr 7 07:15:13"
66.63.165.10;3128;Transparent;false;"United States";5588;55;"Apr 7 07:15:35"
64.4.82.195;3128;Transparent;true;"Canada";304;82;"Apr 7 07:16:47"
67.171.95.208;62115;Socks5;true;"United States";30;66;"Apr 7 07:17:33"
69.125.74.51;8085;Anonymous;false;"United States";1053;18;"Apr 7 07:17:50"
67.162.39.16;8085;Anonymous;false;"United States";1010;50;"Apr 7 07:17:56"
76.179.174.129;8085;Anonymous;false;"United States";1088;20;"Apr 7 07:18:11"
66.68.86.190;1080;Socks5;true;"United States";30;12;"Apr 7 07:18:22"
66.190.144.90;54193;Socks5;true;"United States";30;49;"Apr 7 07:18:24"
72.51.193.214;8085;Anonymous;false;"United States";2187;35;"Apr 7 07:18:39"
68.38.255.78;7463;Socks5;true;"United States";30;100;"Apr 7 07:18:48"
62.243.224.179;1080;Socks4;true;"Denmark";30;72;"Apr 7 07:18:48"
68.47.173.173;48415;Socks4;true;"United States";30;100;"Apr 7 07:18:54"
68.58.67.110;37189;Socks5;true;"United States";30;100;"Apr 7 07:19:15"
68.62.40.97;35197;Socks5;true;"United States";30;100;"Apr 7 07:19:35"
68.63.110.96;3223;Socks5;true;"United States";30;75;"Apr 7 07:19:38"
68.80.158.62;9754;Socks5;true;"United States";30;100;"Apr 7 07:19:45"
75.111.88.197;8085;Anonymous;false;"United States";947;24;"Apr 7 07:20:03"
69.118.188.10;7667;Socks5;true;"United States";30;25;"Apr 7 07:20:15"
69.246.33.0;8085;Anonymous;false;"United States";989;60;"Apr 7 07:20:37"
68.196.245.235;44495;Socks5;true;"United States";30;66;"Apr 7 07:20:38"
71.186.11.157;6687;Socks4;true;"United States";30;25;"Apr 7 07:20:58"
71.194.116.45;7322;Socks5;true;"United States";30;25;"Apr 7 07:21:03"
69.230.202.214;41951;Socks5;true;"United States";30;49;"Apr 7 07:21:18"
71.201.12.198;1859;Socks5;true;"United States";30;66;"Apr 7 07:21:19"
69.255.1.141;26417;Socks5;true;"United States";30;100;"Apr 7 07:21:28"
76.169.60.231;3246;Socks5;true;"United States";30;17;"Apr 7 07:21:46"
69.47.243.75;8085;Anonymous;false;"United States";2294;25;"Apr 7 07:21:46"
76.28.223.131;10783;Socks4;true;"United States";30;66;"Apr 7 07:22:29"
76.89.144.79;8885;Socks5;true;"United States";30;100;"Apr 7 07:22:53"
75.40.150.160;80;Distorting;false;"United States";9115;68;"Apr 7 07:22:59"
70.185.221.83;8085;Anonymous;false;"United States";5408;27;"Apr 7 07:24:26"
70.190.193.240;8085;Anonymous;false;"United States";3638;12;"Apr 7 07:24:30"
79.148.225.145;8000;Distorting;false;"Spain";23760;27;"Apr 7 07:25:18"
80.73.9.26;3128;Transparent;true;"Ukraine";800;89;"Apr 7 07:25:54"
70.77.57.172;8085;Anonymous;false;"Canada";3212;41;"Apr 7 07:26:52"
82.128.221.166;3128;Anonymous;true;"Finland";4715;96;"Apr 7 07:27:39"
80.99.111.39;3128;Transparent;true;"Hungary";918;89;"Apr 7 07:28:07"
83.238.44.4;8118;Anonymous;true;"Poland";579;44;"Apr 7 07:28:45"
82.206.129.160;3128;Transparent;true;"Great Britain (UK)";2446;89;"Apr 7 07:30:00"
94.73.203.233;3128;Anonymous;true;"Russian Federation";873;98;"Apr 7 07:31:03"
94.89.79.19;3128;Transparent;true;"Italy";856;80;"Apr 7 07:31:04"
95.129.232.70;8081;Distorting;false;"Russian Federation";788;65;"Apr 7 07:31:05"
95.143.4.34;3128;Anonymous;true;"Russian Federation";1147;88;"Apr 7 07:31:21"
95.215.2.33;3128;Transparent;true;"Russian Federation";515;79;"Apr 7 07:31:22"
96.19.105.181;8085;Anonymous;false;"United States";5605;50;"Apr 7 07:31:29"
89.189.85.120;80;Distorting;false;"Yemen";9978;56;"Apr 7 07:31:47"
89.189.85.251;80;Distorting;false;"Yemen";973;61;"Apr 7 07:31:48"
89.189.85.33;80;Distorting;false;"Yemen";16503;66;"Apr 7 07:32:05"
89.37.120.90;3128;Transparent;true;"Romania";1556;87;"Apr 7 07:32:07"
92.46.55.46;3128;Transparent;true;"Kazakhstan";889;84;"Apr 7 07:32:25"
98.150.214.118;8085;Anonymous;false;"United States";5224;50;"Apr 7 07:33:14"
85.207.166.250;3128;Transparent;false;"Czech Republic";25248;66;"Apr 7 07:33:52"
87.118.126.156;3128;Anonymous;false;"Germany";922;66;"Apr 7 07:34:12"
87.239.168.6;3128;Transparent;true;"Poland";2432;74;"Apr 7 07:34:14"
82.114.78.222;1081;Socks4;true;"Serbia and Montenegro";30;80;"Apr 7 07:35:51"
98.219.249.11;8085;Anonymous;false;"United States";4536;33;"Apr 7 07:36:59"
98.232.119.145;8085;Anonymous;false;"United States";1388;33;"Apr 7 07:37:16"
99.233.127.79;8085;Anonymous;false;"Canada";2289;40;"Apr 7 07:38:30"
110.138.208.142;8080;Transparent;true;"Indonesia";3573;77;"Apr 7 07:39:08"
122.224.33.10;80;Transparent;false;"China";4392;98;"Apr 7 07:39:16"
123.127.164.196;80;Distorting;true;"China";3999;98;"Apr 7 07:39:34"
93.166.121.106;1080;Socks5;true;"Denmark";30;100;"Apr 7 07:39:43"
150.188.31.2;3128;Transparent;true;"Venezuela";1192;96;"Apr 7 07:40:44"
156.17.125.123;3128;Transparent;true;"European Union";480;89;"Apr 7 07:40:46"
165.98.133.234;8080;Distorting;true;"Nicaragua";626;85;"Apr 7 07:41:12"
194.30.170.15;3127;Distorting;true;"Ukraine";14772;85;"Apr 7 07:41:30"
187.5.156.15;8080;Distorting;false;"Brazil";25840;50;"Apr 7 07:41:39"
195.131.117.44;3128;Anonymous;true;"Russian Federation";5403;60;"Apr 7 07:41:57"
187.5.156.17;8080;Distorting;false;"Brazil";25317;45;"Apr 7 07:42:05"
116.66.204.78;8080;Transparent;false;"Indonesia";17485;35;"Apr 7 07:42:06"
118.96.122.49;8080;Transparent;false;"Indonesia";14520;84;"Apr 7 07:42:22"
189.10.167.35;3128;Transparent;true;"Brazil";2690;96;"Apr 7 07:42:23"
118.96.57.3;80;Transparent;true;"Indonesia";6152;94;"Apr 7 07:42:42"
195.70.38.134;80;Anonymous;true;"Hungary";5199;90;"Apr 7 07:42:49"
189.19.88.153;3128;Transparent;true;"Brazil";3945;86;"Apr 7 07:42:51"
118.98.160.246;8080;Transparent;true;"Indonesia";9325;80;"Apr 7 07:42:54"
195.87.102.7;80;Distorting;false;"Turkey";11784;35;"Apr 7 07:43:01"
200.215.15.34;8080;Distorting;true;"Brazil";23126;76;"Apr 7 07:43:10"
196.218.152.2;80;Transparent;true;"Egypt";5452;96;"Apr 7 07:43:14"
189.47.200.65;3128;Transparent;false;"Brazil";2740;88;"Apr 7 07:43:16"
200.30.101.118;8080;Transparent;true;"Colombia";10123;55;"Apr 7 07:43:23"
119.255.1.71;3128;Transparent;true;"China";1718;67;"Apr 7 07:43:25"
119.70.40.101;8080;Transparent;true;"Korea (South)";4190;96;"Apr 7 07:43:30"
119.70.40.102;8080;Transparent;true;"Korea (South)";1513;97;"Apr 7 07:43:32"
189.60.152.8;3128;Transparent;true;"Brazil";17672;68;"Apr 7 07:43:49"
125.21.227.205;80;Transparent;false;"India";964;70;"Apr 7 07:43:56"
190.139.101.154;8080;Transparent;true;"Argentina";4371;83;"Apr 7 07:43:59"
200.48.13.39;3128;Transparent;true;"Peru";948;83;"Apr 7 07:44:10"
200.48.13.42;3128;Transparent;true;"Peru";685;82;"Apr 7 07:44:10"
201.0.145.20;3128;Transparent;false;"Brazil";2683;14;"Apr 7 07:44:14"
201.15.105.230;3128;Transparent;true;"Brazil";2418;79;"Apr 7 07:44:16"
200.143.204.3;3128;Transparent;true;"Brazil";1889;79;"Apr 7 07:44:24"
190.65.232.132;8080;Distorting;true;"Colombia";17296;73;"Apr 7 07:44:31"
120.50.48.179;3128;Distorting;true;"Malaysia";1647;77;"Apr 7 07:44:42"
120.50.57.248;3128;Transparent;true;"Malaysia";3455;77;"Apr 7 07:44:45"
190.94.1.195;80;Transparent;true;"Dominican Republic";18030;77;"Apr 7 07:44:49"
193.136.65.251;3128;Transparent;true;"Portugal";774;63;"Apr 7 07:45:05"
202.177.28.110;3128;Transparent;true;"Hong Kong";28499;86;"Apr 7 07:45:06"
201.253.106.92;80;Transparent;true;"Argentina";5339;67;"Apr 7 07:45:22"
193.87.173.106;8080;Distorting;true;"Slovak Republic";3383;87;"Apr 7 07:45:46"
204.8.65.218;3128;Transparent;true;"Virgin Islands (U.S.)";505;95;"Apr 7 07:46:55"
202.71.98.201;3128;Transparent;true;"Malaysia";2746;81;"Apr 7 07:46:57"
207.44.248.127;80;Transparent;false;"United States";376;97;"Apr 7 07:47:07"
202.146.254.75;3128;Transparent;true;"Indonesia";1435;74;"Apr 7 07:47:10"
207.44.255.168;80;Anonymous;false;"United States";19964;43;"Apr 7 07:47:27"
202.72.221.126;80;Transparent;true;"Indonesia";30756;81;"Apr 7 07:47:28"
207.44.255.168;8080;Anonymous;true;"United States";11531;33;"Apr 7 07:47:39"
210.17.151.246;3128;Transparent;true;"Hong Kong";1315;85;"Apr 7 07:48:16"
202.51.107.37;8080;Transparent;true;"Indonesia";2452;96;"Apr 7 07:48:39"
202.85.233.8;80;Transparent;true;"Hong Kong";985;99;"Apr 7 07:49:15"
59.171.48.62;8080;Anonymous;false;"Japan";2253;14;"Apr 7 07:50:14"
59.90.74.11;3128;Transparent;true;"India";9093;92;"Apr 7 07:50:32"
60.49.216.82;3128;Transparent;true;"Malaysia";1377;73;"Apr 7 07:51:21"
61.19.50.9;3128;Transparent;true;"Thailand";2741;95;"Apr 7 07:51:22"
61.218.108.2;3128;Transparent;true;"Taiwan";8958;82;"Apr 7 07:51:37"
61.218.219.61;3128;Transparent;true;"Taiwan";2323;93;"Apr 7 07:51:39"
62.135.113.231;8080;Transparent;true;"Egypt";5459;95;"Apr 7 07:53:01"
24.210.178.97;8085;Anonymous;false;"United States";1078;64;"Apr 7 07:54:00"
24.23.115.96;8085;Anonymous;false;"United States";873;21;"Apr 7 07:54:01"
61.155.106.14;80;Anonymous;false;"China";3907;20;"Apr 7 07:54:24"
62.244.28.178;80;Anonymous;true;"Ukraine";35658;73;"Apr 7 07:54:37"
62.68.95.14;8080;Transparent;false;"Greece";33382;70;"Apr 7 07:55:10"
63.146.118.37;80;Distorting;true;"United States";4751;60;"Apr 7 07:55:15"
67.205.89.91;3128;Transparent;true;"Canada";578;90;"Apr 7 07:56:47"
60.250.68.155;3128;Transparent;true;"Taiwan";1288;82;"Apr 7 07:57:03"
64.34.188.88;3128;Transparent;true;"United States";466;5;"Apr 7 07:57:46"
24.47.249.236;8227;Socks5;true;"United States";30;66;"Apr 7 07:59:02"
41.234.207.190;8080;Transparent;true;"Egypt";12576;70;"Apr 7 08:00:29"
41.234.207.37;8080;Transparent;true;"Egypt";2991;54;"Apr 7 08:00:32"
76.110.48.30;8085;Anonymous;false;"United States";1165;17;"Apr 7 08:00:40"
59.151.5.9;80;Transparent;false;"China";3931;99;"Apr 7 08:00:59"
68.52.151.32;8085;Anonymous;false;"United States";2182;20;"Apr 7 08:02:16"
78.46.75.100;53;Transparent;true;"Germany";7041;45;"Apr 7 08:05:32"
69.246.121.175;8085;Anonymous;false;"United States";1122;37;"Apr 7 08:06:21"
61.8.73.234;1080;Socks4;true;"Indonesia";30;41;"Apr 7 08:06:24"
80.36.255.171;8080;Transparent;true;"Spain";17219;65;"Apr 7 08:06:51"
83.138.136.28;80;Transparent;false;"Great Britain (UK)";547;93;"Apr 7 08:07:25"
69.64.39.251;80;Distorting;false;"United States";7068;75;"Apr 7 08:07:31"
71.56.151.110;47963;Socks4;true;"United States";30;100;"Apr 7 08:07:56"
69.114.195.139;54743;Socks5;true;"United States";30;100;"Apr 7 08:08:14"
72.225.191.7;23123;Socks5;true;"United States";30;66;"Apr 7 08:08:36"
74.194.52.17;32867;Socks5;true;"United States";30;49;"Apr 7 08:08:58"
69.233.116.249;46593;Socks4;true;"United States";30;75;"Apr 7 08:09:04"
69.254.225.32;32325;Socks5;true;"United States";30;100;"Apr 7 08:09:16"
71.193.185.55;25395;Socks5;true;"United States";30;75;"Apr 7 08:10:36"
75.132.159.11;8085;Anonymous;false;"United States";1906;58;"Apr 7 08:13:22"
87.98.142.153;3128;Transparent;false;"France";365;98;"Apr 7 08:13:48"
89.189.85.198;80;Distorting;true;"Yemen";989;50;"Apr 7 08:14:14"
89.189.85.86;80;Distorting;false;"Yemen";669;50;"Apr 7 08:14:14"
89.222.216.101;3128;Transparent;true;"Russian Federation";588;97;"Apr 7 08:14:32"
85.105.35.142;8080;Anonymous;true;"Turkey";10798;76;"Apr 7 08:15:01"
91.98.130.182;3128;Anonymous;false;"Iran";24083;93;"Apr 7 08:15:40"
92.50.163.114;8085;Anonymous;true;"Russian Federation";2580;37;"Apr 7 08:15:46"
94.73.63.51;3128;Transparent;true;"Bulgaria";573;83;"Apr 7 08:15:46"
93.103.133.84;80;Anonymous;true;"Slovenia";495;91;"Apr 7 08:16:01"
89.105.144.167;3128;Transparent;true;"Russian Federation";829;77;"Apr 7 08:16:02"
89.184.39.190;8080;Transparent;true;"Ireland";3576;74;"Apr 7 08:16:11"
89.189.84.250;80;Distorting;true;"Yemen";9460;55;"Apr 7 08:16:21"
95.170.219.89;8080;Transparent;true;"Iraq";1360;81;"Apr 7 08:16:36"
89.250.85.42;3128;Transparent;true;"Kazakhstan";1139;90;"Apr 7 08:16:49"
89.189.85.122;80;Distorting;true;"Yemen";44885;62;"Apr 7 08:17:08"
89.189.85.144;80;Distorting;true;"Yemen";9970;62;"Apr 7 08:17:18"
85.90.84.132;1080;Socks4;true;"Netherlands";30;98;"Apr 7 08:18:26"
80.167.238.78;1080;Socks5;true;"Denmark";30;73;"Apr 7 08:18:43"
118.96.73.32;8080;Transparent;true;"Indonesia";16122;78;"Apr 7 08:25:30"
118.98.170.109;8080;Transparent;true;"Indonesia";4931;92;"Apr 7 08:25:41"
122.224.33.4;80;Transparent;false;"China";10655;97;"Apr 7 08:26:10"
98.216.102.23;7339;Socks5;true;"United States";30;100;"Apr 7 08:26:41"
98.228.45.137;5473;Socks5;true;"United States";30;100;"Apr 7 08:26:59"
98.232.83.177;18009;Socks5;true;"United States";30;25;"Apr 7 08:27:01"
140.211.15.30;80;Anonymous;true;"United States";2760;89;"Apr 7 08:27:38"
117.102.91.6;8080;Transparent;true;"Indonesia";2274;93;"Apr 7 08:27:41"
12.204.158.237;80;Distorting;false;"United States";17534;47;"Apr 7 08:27:59"
123.25.221.221;8080;Distorting;true;"Viet Nam";3098;77;"Apr 7 08:28:40"
118.175.22.69;8080;Distorting;true;"Thailand";14531;94;"Apr 7 08:28:42"
164.78.252.24;80;Distorting;false;"Singapore";1152;98;"Apr 7 08:28:43"
118.175.5.28;80;Transparent;true;"Thailand";2247;95;"Apr 7 08:28:45"
120.50.57.241;3128;Transparent;true;"Malaysia";4197;84;"Apr 7 08:28:51"
200.166.248.132;8080;Distorting;false;"Brazil";5585;76;"Apr 7 08:30:41"
124.124.89.45;1080;Socks5;true;"India";30;55;"Apr 7 08:30:48"
124.40.7.114;80;Distorting;true;"Japan";18959;65;"Apr 7 08:30:56"
202.57.69.84;80;Distorting;true;"Philippines";10401;76;"Apr 7 08:31:03"
202.58.161.34;8080;Transparent;true;"Indonesia";4559;95;"Apr 7 08:31:08"
200.215.18.234;80;Transparent;false;"Brazil";1081;56;"Apr 7 08:31:28"
189.29.230.118;3128;Transparent;true;"Brazil";4961;88;"Apr 7 08:31:33"
189.56.100.42;3128;Transparent;true;"Brazil";1510;85;"Apr 7 08:31:35"
173.27.10.218;8085;Anonymous;false;"United States";1982;18;"Apr 7 08:31:51"
200.68.84.69;8080;Transparent;false;"Argentina";16293;47;"Apr 7 08:32:16"
200.69.105.80;3128;Transparent;true;"Colombia";4750;91;"Apr 7 08:32:21"
200.96.53.6;8080;Distorting;false;"Brazil";8945;48;"Apr 7 08:32:45"
193.68.154.194;80;Transparent;true;"Bulgaria";5730;57;"Apr 7 08:33:37"
203.113.112.245;8088;Transparent;true;"Thailand";2038;87;"Apr 7 08:33:43"
195.168.200.188;80;Distorting;true;"Slovak Republic";8464;75;"Apr 7 08:33:46"
195.2.216.186;8080;Distorting;true;"Russian Federation";5825;77;"Apr 7 08:33:52"
174.143.220.135;80;Distorting;true;"United States";17355;73;"Apr 7 08:34:04"
195.22.229.219;8080;Transparent;true;"Moldova";780;73;"Apr 7 08:34:38"
201.253.106.90;3128;Transparent;true;"Argentina";8029;85;"Apr 7 08:34:41"
201.7.98.18;3128;Transparent;true;"Brazil";3661;91;"Apr 7 08:34:46"
203.172.137.195;8080;Transparent;true;"Thailand";1104;91;"Apr 7 08:34:52"
201.82.6.58;3128;Transparent;false;"Brazil";4336;51;"Apr 7 08:34:59"
196.216.71.51;8080;Distorting;true;"Kenya";19072;87;"Apr 7 08:35:14"
196.38.158.197;80;Distorting;true;"South Africa";3460;82;"Apr 7 08:35:18"
206.53.252.104;80;Distorting;true;"United States";363;80;"Apr 7 08:35:32"
205.134.162.147;80;Transparent;false;"United States";387;94;"Apr 7 08:35:49"
202.138.239.27;8080;Transparent;true;"Indonesia";34925;78;"Apr 7 08:36:15"
207.44.255.165;80;Anonymous;false;"United States";6148;37;"Apr 7 08:36:29"
200.123.147.57;80;Transparent;true;"Argentina";15200;85;"Apr 7 08:36:31"
207.44.255.170;80;Anonymous;false;"United States";9696;37;"Apr 7 08:36:39"
200.143.2.94;3128;Transparent;true;"Brazil";8717;74;"Apr 7 08:36:42"
207.44.255.172;80;Anonymous;false;"United States";10924;33;"Apr 7 08:36:50"
216.9.6.148;8080;Distorting;false;"United States";2576;95;"Apr 7 08:39:34"
217.10.246.2;8080;Transparent;false;"Bulgaria";5880;88;"Apr 7 08:39:40"
217.168.150.185;3128;Transparent;true;"Great Britain (UK)";1993;73;"Apr 7 08:39:44"
60.250.172.98;8080;Transparent;true;"Taiwan";29826;79;"Apr 7 08:39:51"
60.251.54.208;3128;Transparent;true;"Taiwan";7267;82;"Apr 7 08:40:00"
61.47.57.234;3128;Transparent;true;"Thailand";5879;89;"Apr 7 08:40:08"
61.6.163.35;80;Transparent;true;"Malaysia";1378;98;"Apr 7 08:40:16"
61.7.231.199;80;Transparent;true;"Thailand";11135;81;"Apr 7 08:40:31"
61.7.231.199;8080;Transparent;true;"Thailand";10286;85;"Apr 7 08:40:41"
62.109.36.246;3128;Transparent;true;"Sweden";553;83;"Apr 7 08:41:03"
221.214.27.252;808;Distorting;true;"China";2190;96;"Apr 7 08:43:01"
218.77.129.97;1080;Socks4;true;"China";30;73;"Apr 7 08:43:14"
222.68.173.101;8080;Distorting;true;"China";32751;66;"Apr 7 08:44:15"
41.215.61.10;80;Distorting;false;"Kenya";10153;66;"Apr 7 08:45:05"
61.153.149.205;8080;Distorting;true;"China";3384;67;"Apr 7 08:46:05"
58.19.176.200;8080;Transparent;true;"China";1134;99;"Apr 7 08:47:11"
58.68.82.165;6588;Anonymous;false;"India";1050;39;"Apr 7 08:47:37"
74.138.209.206;8080;Transparent;true;"United States";7879;27;"Apr 7 08:48:34"
66.197.252.182;80;Transparent;false;"United States";486;96;"Apr 7 08:48:55"
66.220.3.55;8662;Transparent;false;"United States";8385;61;"Apr 7 08:49:05"
61.218.211.55;3128;Transparent;true;"Taiwan";15764;82;"Apr 7 08:49:16"
61.219.177.157;3128;Transparent;true;"Taiwan";23482;50;"Apr 7 08:49:39"
75.126.176.161;80;Transparent;false;"United States";455;97;"Apr 7 08:52:34"
77.122.120.242;8000;Anonymous;false;"Ukraine";821;43;"Apr 7 08:52:50"
75.145.34.153;8000;Distorting;false;"United States";24458;1;"Apr 7 08:53:54"
68.12.5.158;29505;Socks4;true;"United States";30;41;"Apr 7 08:54:24"
68.50.144.116;29505;Socks4;true;"United States";30;62;"Apr 7 08:55:12"
69.21.67.146;8000;Distorting;false;"United States";5233;2;"Apr 7 08:55:27"
76.109.230.205;8085;Anonymous;false;"United States";1252;10;"Apr 7 08:56:13"
70.176.98.219;8085;Anonymous;false;"United States";3952;27;"Apr 7 08:56:58"
76.12.10.195;22;Socks5;true;"United States";30;1;"Apr 7 08:57:02"
79.170.91.107;12345;Anonymous;true;"Netherlands";3788;66;"Apr 7 08:57:36"
80.216.254.79;3128;Transparent;true;"Sweden";631;89;"Apr 7 08:58:26"
82.150.165.146;8080;Distorting;true;"Czech Republic";6631;73;"Apr 7 08:59:45"
84.252.63.251;3128;Transparent;true;"Bulgaria";6873;77;"Apr 7 08:59:47"
88.165.78.188;8000;Anonymous;true;"France";1853;40;"Apr 7 08:59:53"
93.174.138.218;3128;Transparent;true;"Great Britain (UK)";5778;78;"Apr 7 09:00:51"
85.214.25.180;3128;Transparent;true;"Germany";500;92;"Apr 7 09:00:54"
83.238.44.10;8080;Transparent;true;"Poland";1748;84;"Apr 7 09:01:20"
88.87.85.189;3128;Transparent;true;"Russian Federation";24809;82;"Apr 7 09:02:08"
89.113.237.203;3128;Transparent;true;"Russian Federation";1714;26;"Apr 7 09:02:25"
97.65.164.215;8080;Distorting;true;"United States";6390;60;"Apr 7 09:03:01"
89.189.85.236;80;Distorting;true;"Yemen";3980;55;"Apr 7 09:03:05"
89.189.85.71;80;Distorting;true;"Yemen";4515;54;"Apr 7 09:03:09"
72.52.96.33;80;Transparent;true;"United States";345;97;"Apr 7 09:05:22"
92.118.181.151;3128;Transparent;true;"Greece";3728;97;"Apr 7 09:05:40"
98.220.10.157;8085;Anonymous;false;"United States";1660;50;"Apr 7 09:07:11"
98.223.108.155;8080;Distorting;true;"United States";561;42;"Apr 7 09:07:13"
98.223.205.238;8085;Anonymous;false;"United States";997;65;"Apr 7 09:07:14"
98.228.72.87;8085;Anonymous;false;"United States";871;54;"Apr 7 09:07:15"
98.231.7.91;8085;Anonymous;false;"United States";968;71;"Apr 7 09:07:16"
110.138.207.185;3128;Transparent;false;"Indonesia";2493;90;"Apr 7 09:08:06"
110.138.240.210;8080;Transparent;true;"Indonesia";7066;81;"Apr 7 09:08:14"
114.30.47.10;80;Distorting;false;"Taiwan";544;92;"Apr 7 09:08:27"
174.142.24.201;3128;Anonymous;false;"Canada";663;95;"Apr 7 09:08:58"
174.142.24.203;3128;Anonymous;false;"Canada";443;96;"Apr 7 09:08:58"
98.226.215.251;1268;Socks5;true;"United States";30;49;"Apr 7 09:09:30"
121.14.129.79;19321;Transparent;true;"China";23154;77;"Apr 7 09:09:38"
186.3.6.22;3128;Transparent;true;"Ecuador";1248;82;"Apr 7 09:09:56"
187.0.191.75;8080;Transparent;true;"Brazil";14691;88;"Apr 7 09:10:11"
122.169.108.205;808;Anonymous;false;"India";2150;36;"Apr 7 09:10:22"
122.170.9.82;8080;Distorting;false;"India";40113;76;"Apr 7 09:11:03"
187.9.11.187;3128;Transparent;true;"Brazil";1103;92;"Apr 7 09:11:11"
118.96.133.55;8080;Transparent;true;"Indonesia";21265;93;"Apr 7 09:12:04"
118.96.75.142;3128;Transparent;true;"Indonesia";16205;93;"Apr 7 09:12:20"
195.70.55.151;80;Distorting;false;"Hungary";1504;98;"Apr 7 09:12:23"
187.9.45.50;3128;Transparent;false;"Brazil";1256;86;"Apr 7 09:12:46"
189.1.164.4;80;Transparent;true;"Brazil";847;97;"Apr 7 09:12:49"
125.60.143.140;465;Anonymous;true;"Philippines";30870;28;"Apr 7 09:13:25"
125.64.94.68;808;Anonymous;true;"China";6903;90;"Apr 7 09:13:32"
189.113.105.254;8080;Transparent;true;"Brazil";943;89;"Apr 7 09:13:40"
124.172.245.197;1080;Socks5;true;"China";30;37;"Apr 7 09:14:19"
200.102.153.219;8080;Transparent;true;"Brazil";2110;62;"Apr 7 09:14:23"
200.143.139.154;8080;Transparent;true;"Brazil";850;96;"Apr 7 09:14:32"
190.144.136.242;8080;Transparent;false;"Colombia";793;94;"Apr 7 09:14:39"
195.242.99.215;80;Transparent;false;"Netherlands";370;93;"Apr 7 09:14:43"
195.242.99.89;80;Transparent;false;"Netherlands";376;97;"Apr 7 09:14:44"
200.165.179.5;8080;Transparent;true;"Brazil";978;85;"Apr 7 09:14:52"
203.186.108.130;65208;Anonymous;true;"Hong Kong";12831;62;"Apr 7 09:15:11"
201.18.162.242;8080;Transparent;true;"Brazil";16299;53;"Apr 7 09:15:25"
203.77.198.12;9179;Transparent;true;"India";869;98;"Apr 7 09:15:36"
200.192.97.226;8080;Transparent;true;"Brazil";1999;72;"Apr 7 09:15:44"
201.236.198.126;8080;Transparent;true;"Colombia";4716;95;"Apr 7 09:15:48"
200.30.101.8;8080;Transparent;false;"Colombia";9963;60;"Apr 7 09:15:54"
201.80.148.205;3128;Transparent;true;"Brazil";10628;50;"Apr 7 09:16:14"
201.91.21.106;3129;Transparent;true;"Brazil";928;90;"Apr 7 09:16:15"
208.43.64.237;808;Transparent;true;"United States";7034;67;"Apr 7 09:16:18"
202.123.231.125;8080;Transparent;true;"Indonesia";4007;90;"Apr 7 09:16:28"
208.123.128.35;80;Distorting;false;"United States";12023;80;"Apr 7 09:17:10"
202.143.173.21;8080;Distorting;true;"Thailand";12992;87;"Apr 7 09:17:32"
208.100.40.34;80;Transparent;true;"United States";408;98;"Apr 7 09:17:57"
208.100.40.42;80;Transparent;true;"United States";344;88;"Apr 7 09:17:57"
202.43.183.44;8080;Transparent;true;"Indonesia";3028;94;"Apr 7 09:18:02"
203.142.70.147;8080;Transparent;true;"Indonesia";4370;88;"Apr 7 09:18:12"
210.185.184.18;3128;Transparent;true;"Philippines";1666;93;"Apr 7 09:18:54"
210.192.17.116;3128;Transparent;true;"Taiwan";1564;77;"Apr 7 09:18:56"
212.68.36.179;3128;Transparent;true;"Turkey";1935;96;"Apr 7 09:20:10"
213.185.116.152;8080;Transparent;true;"Great Britain (UK)";7088;93;"Apr 7 09:20:40"
219.137.239.209;80;Transparent;false;"China";5052;70;"Apr 7 09:21:38"
216.109.73.20;80;Distorting;true;"United States";298;97;"Apr 7 09:22:03"
62.233.138.180;3128;Transparent;true;"Poland";6749;82;"Apr 7 09:22:16"
62.77.49.68;8080;Transparent;true;"Italy";761;96;"Apr 7 09:22:44"
221.12.47.4;8080;Transparent;false;"China";25103;85;"Apr 7 09:22:44"
217.10.246.4;8080;Transparent;false;"Bulgaria";2172;87;"Apr 7 09:23:02"
221.214.27.253;808;Distorting;true;"China";1178;97;"Apr 7 09:23:10"
222.165.133.198;80;Distorting;true;"Sri Lanka";6425;81;"Apr 7 09:23:20"
222.168.10.163;8080;Transparent;true;"China";8036;87;"Apr 7 09:23:29"
61.164.40.37;3128;Transparent;true;"China";14332;80;"Apr 7 09:23:45"
222.73.27.232;8080;Distorting;true;"China";5282;92;"Apr 7 09:24:09"
65.188.198.37;8085;Anonymous;false;"United States";1599;10;"Apr 7 09:25:43"
61.47.114.22;3128;Anonymous;true;"Thailand";6835;64;"Apr 7 09:27:40"
72.52.96.31;80;Transparent;true;"United States";350;98;"Apr 7 09:29:21"
74.115.6.57;80;Anonymous;false;"United States";1013;97;"Apr 7 09:29:23"
68.157.216.34;8000;Distorting;false;"United States";31258;2;"Apr 7 09:30:07"
75.65.129.223;8085;Anonymous;false;"United States";1700;39;"Apr 7 09:30:22"
77.106.194.150;3128;Distorting;true;"Russian Federation";12326;83;"Apr 7 09:33:06"
82.207.66.114;3128;Transparent;true;"Ukraine";688;92;"Apr 7 09:34:09"
82.207.93.101;3128;Transparent;true;"Ukraine";16977;78;"Apr 7 09:34:26"
82.99.219.229;3128;Anonymous;false;"Iran";2921;82;"Apr 7 09:35:36"
78.38.247.130;8080;Transparent;true;"Iran";2881;95;"Apr 7 09:36:28"
94.23.29.16;80;Distorting;true;"France";8497;95;"Apr 7 09:37:18"
89.189.85.100;80;Distorting;true;"Yemen";9978;48;"Apr 7 09:37:33"
94.75.215.42;3128;Anonymous;true;"Netherlands";7117;67;"Apr 7 09:37:46"
89.189.85.233;80;Distorting;true;"Yemen";9844;60;"Apr 7 09:37:48"
95.170.219.200;80;Distorting;true;"Iraq";3782;56;"Apr 7 09:37:50"
95.170.221.9;80;Transparent;true;"Iraq";1111;96;"Apr 7 09:37:51"
97.65.164.211;8080;Distorting;true;"United States";6007;57;"Apr 7 09:38:29"
98.181.40.8;8085;Anonymous;false;"United States";1866;59;"Apr 7 09:40:34"
148.245.191.3;80;Distorting;true;"Mexico";1334;83;"Apr 7 09:44:08"
123.233.121.164;80;Transparent;false;"China";5739;97;"Apr 7 09:44:41"
110.136.190.158;8080;Transparent;true;"Indonesia";42787;91;"Apr 7 09:44:46"
119.62.128.38;80;Transparent;true;"China";2311;97;"Apr 7 09:44:51"
112.78.197.37;80;Anonymous;true;"Japan";11752;80;"Apr 7 09:44:59"
81.90.22.209;1080;Socks4;true;"Iraq";30;59;"Apr 7 09:46:01"
156.17.125.123;8080;Distorting;true;"European Union";4035;68;"Apr 7 09:46:03"
148.244.96.178;80;Transparent;true;"Mexico";464;98;"Apr 7 09:46:38"
174.142.104.57;3128;Anonymous;false;"Canada";471;97;"Apr 7 09:46:38"
124.164.247.43;3128;Transparent;true;"China";1343;34;"Apr 7 09:46:59"
118.96.121.70;3128;Transparent;false;"Indonesia";6568;65;"Apr 7 09:47:01"
124.164.249.138;808;Anonymous;true;"China";2292;76;"Apr 7 09:47:01"
189.47.200.40;80;Transparent;true;"Brazil";8973;74;"Apr 7 09:47:01"
189.77.28.76;8080;Transparent;true;"Brazil";6570;94;"Apr 7 09:47:16"
121.22.40.185;3128;Transparent;true;"China";18693;71;"Apr 7 09:47:35"
118.98.184.174;8080;Transparent;false;"Indonesia";6331;88;"Apr 7 09:47:41"
190.152.71.38;80;Distorting;true;"Ecuador";10104;72;"Apr 7 09:47:43"
195.242.99.192;80;Transparent;false;"Netherlands";377;96;"Apr 7 09:47:52"
195.242.99.184;80;Transparent;false;"Netherlands";380;97;"Apr 7 09:47:52"
193.251.176.55;8000;Distorting;false;"France";8285;29;"Apr 7 09:47:55"
121.242.73.7;80;Distorting;false;"India";25541;69;"Apr 7 09:48:08"
195.242.99.208;80;Transparent;false;"Netherlands";15391;95;"Apr 7 09:48:08"
195.242.99.87;80;Transparent;false;"Netherlands";380;96;"Apr 7 09:48:08"
125.163.208.166;8080;Transparent;true;"Indonesia";11977;92;"Apr 7 09:48:09"
121.246.72.205;3128;Transparent;true;"India";1390;65;"Apr 7 09:48:09"
121.246.72.97;3128;Transparent;true;"India";1384;54;"Apr 7 09:48:11"
121.247.170.115;3128;Transparent;true;"India";1366;56;"Apr 7 09:48:13"
122.128.100.21;8080;Distorting;true;"Nepal";22650;74;"Apr 7 09:48:55"
190.81.54.4;3128;Transparent;false;"Peru";1000;98;"Apr 7 09:49:07"
122.205.95.14;80;Distorting;true;"China";8024;86;"Apr 7 09:49:17"
200.158.102.61;3128;Transparent;true;"Brazil";1162;72;"Apr 7 09:49:44"
200.101.83.131;3128;Transparent;true;"Brazil";5937;83;"Apr 7 09:49:51"
200.203.104.61;3128;Transparent;true;"Brazil";1942;85;"Apr 7 09:50:11"
193.136.113.38;80;Distorting;true;"Portugal";2891;75;"Apr 7 09:50:50"
202.29.70.3;8080;Distorting;false;"Thailand";2271;96;"Apr 7 09:51:12"
202.44.12.72;3128;Anonymous;true;"Thailand";609;82;"Apr 7 09:51:14"
202.83.163.94;3128;Transparent;true;"Pakistan";1887;48;"Apr 7 09:51:19"
208.96.213.149;80;Distorting;true;"United States";3348;70;"Apr 7 09:51:58"
200.30.101.2;8080;Transparent;true;"Colombia";9638;70;"Apr 7 09:52:15"
209.4.229.126;8080;Transparent;true;"United States";401;96;"Apr 7 09:52:56"
200.75.76.41;8080;Distorting;true;"Colombia";11186;82;"Apr 7 09:53:13"
201.122.100.1;8080;Distorting;true;"Mexico";9487;86;"Apr 7 09:53:26"
210.176.171.236;8080;Distorting;true;"Hong Kong";2266;96;"Apr 7 09:53:39"
210.176.171.237;8080;Distorting;true;"Hong Kong";2415;93;"Apr 7 09:53:42"
210.245.63.218;80;Anonymous;false;"Viet Nam";2906;73;"Apr 7 09:53:47"
210.245.83.176;3128;Transparent;true;"Viet Nam";2931;81;"Apr 7 09:53:50"
210.245.85.219;8080;Distorting;true;"Viet Nam";5977;99;"Apr 7 09:53:56"
208.178.94.93;8080;Transparent;false;"United States";3620;79;"Apr 7 09:54:03"
210.248.27.134;8080;Distorting;false;"Japan";14225;59;"Apr 7 09:54:11"
210.253.208.91;80;Distorting;true;"Japan";1014;96;"Apr 7 09:54:13"
211.116.154.220;8080;Anonymous;false;"Korea (South)";2379;36;"Apr 7 09:54:24"
210.43.128.18;3128;Transparent;true;"China";3831;91;"Apr 7 09:54:43"
211.138.124.197;80;Anonymous;false;"China";4018;98;"Apr 7 09:55:05"
211.138.124.198;80;Anonymous;false;"China";1949;99;"Apr 7 09:55:08"
211.138.124.199;80;Anonymous;false;"China";1218;98;"Apr 7 09:55:09"
211.138.124.200;80;Anonymous;false;"China";1207;99;"Apr 7 09:55:11"
201.248.51.116;3128;Transparent;true;"Venezuela";10933;76;"Apr 7 09:55:12"
201.253.106.90;80;Transparent;true;"Argentina";3569;91;"Apr 7 09:55:16"
211.138.124.210;80;Anonymous;false;"China";4491;98;"Apr 7 09:55:23"
211.138.124.211;80;Anonymous;false;"China";1229;98;"Apr 7 09:55:24"
211.138.124.232;80;Anonymous;false;"China";1202;98;"Apr 7 09:55:40"
211.138.124.233;80;Anonymous;false;"China";1207;98;"Apr 7 09:55:42"
211.139.70.86;80;Anonymous;true;"China";1377;91;"Apr 7 09:55:47"
213.21.34.82;8080;Distorting;true;"Russian Federation";9353;60;"Apr 7 09:57:04"
213.35.216.222;3129;Transparent;true;"Estonia";9964;95;"Apr 7 09:57:16"
210.69.54.179;80;Anonymous;true;"Taiwan";1314;45;"Apr 7 09:58:18"
217.150.32.86;80;Transparent;true;"Russian Federation";6877;98;"Apr 7 09:59:21"
41.222.160.37;3128;Transparent;true;"Kenya";2113;96;"Apr 7 10:00:02"
41.222.160.52;3128;Transparent;true;"Kenya";1129;96;"Apr 7 10:00:03"
59.105.191.189;3128;Transparent;true;"Taiwan";21138;64;"Apr 7 10:01:12"
65.167.88.50;3128;Transparent;false;"United States";1303;98;"Apr 7 10:01:15"
60.10.164.83;808;Anonymous;true;"China";7337;34;"Apr 7 10:02:24"
218.28.188.230;1080;Socks5;true;"China";30;50;"Apr 7 10:04:10"
218.60.31.73;1080;Socks5;true;"China";30;53;"Apr 7 10:04:14"
61.155.220.243;80;Transparent;false;"China";2703;91;"Apr 7 10:04:14"
61.155.220.244;80;Transparent;false;"China";1644;94;"Apr 7 10:04:16"
59.174.27.48;1080;Socks4;true;"China";30;95;"Apr 7 10:04:16"
66.76.90.0;8080;Transparent;false;"United States";14669;77;"Apr 7 10:04:20"
219.147.172.2;8080;Socks4;true;"China";30;95;"Apr 7 10:04:21"
219.252.44.66;5566;Socks5;true;"Korea (South)";30;55;"Apr 7 10:04:25"
220.163.226.115;1080;Socks4;true;"China";30;67;"Apr 7 10:04:32"
222.134.69.180;8000;Socks4;true;"China";30;55;"Apr 7 10:04:59"
222.171.105.6;8080;Socks4;true;"China";30;96;"Apr 7 10:05:07"
222.171.111.140;8080;Socks4;true;"China";30;87;"Apr 7 10:05:08"
222.77.187.157;1080;Socks5;true;"China";30;65;"Apr 7 10:05:25"
61.218.211.55;80;Transparent;true;"Taiwan";37982;78;"Apr 7 10:05:39"
61.177.186.246;1080;Socks4;true;"China";30;96;"Apr 7 10:06:08"
64.21.47.20;8080;Distorting;false;"United States";2712;61;"Apr 7 10:06:34"
70.246.55.83;8085;Anonymous;false;"United States";31177;56;"Apr 7 10:09:10"
77.44.168.114;8080;Transparent;true;"Syria";27073;76;"Apr 7 10:10:36"
77.74.192.36;3128;Transparent;true;"Great Britain (UK)";4118;81;"Apr 7 10:10:41"
78.46.255.90;3128;Transparent;true;"Germany";3509;81;"Apr 7 10:10:47"
89.189.84.175;80;Distorting;true;"Yemen";975;43;"Apr 7 10:10:56"
89.189.84.93;80;Distorting;true;"Yemen";3979;50;"Apr 7 10:11:00"
66.90.101.32;1080;Socks5;true;"United States";30;98;"Apr 7 10:11:17"
91.143.175.49;8080;Transparent;true;"Russian Federation";766;77;"Apr 7 10:11:47"
91.147.63.158;8080;Distorting;true;"Russian Federation";10426;86;"Apr 7 10:11:57"
92.124.240.199;3128;Transparent;true;"Russian Federation";1375;83;"Apr 7 10:11:59"
93.186.167.11;3128;Transparent;true;"Germany";1031;91;"Apr 7 10:12:16"
93.186.167.9;3128;Transparent;true;"Germany";9409;91;"Apr 7 10:12:25"
95.170.219.202;8080;Transparent;false;"Iraq";946;86;"Apr 7 10:12:26"
97.65.164.214;8080;Distorting;true;"United States";6812;61;"Apr 7 10:12:52"
85.15.203.241;8080;Transparent;true;"Latvia";4745;87;"Apr 7 10:15:21"
88.250.166.104;8088;Anonymous;false;"Turkey";602;5;"Apr 7 10:15:22"
74.206.98.202;8080;Distorting;true;"United States";414;74;"Apr 7 10:16:05"
89.108.121.216;80;Distorting;true;"Russian Federation";41993;41;"Apr 7 10:16:50"
68.84.73.174;15749;Socks5;true;"United States";30;49;"Apr 7 10:18:06"
